{
  "hash": "e509256e",
  "configHash": "a0701db5",
  "lockfileHash": "bda206cc",
  "browserHash": "6b8bae2e",
  "optimized": {
    "@angular/common": {
      "src": "../../../../../../node_modules/@angular/common/fesm2022/common.mjs",
      "file": "@angular_common.js",
      "fileHash": "f951b401",
      "needsInterop": false
    },
    "@angular/common/http": {
      "src": "../../../../../../node_modules/@angular/common/fesm2022/http.mjs",
      "file": "@angular_common_http.js",
      "fileHash": "96411707",
      "needsInterop": false
    },
    "@angular/core": {
      "src": "../../../../../../node_modules/@angular/core/fesm2022/core.mjs",
      "file": "@angular_core.js",
      "fileHash": "81a55b1a",
      "needsInterop": false
    },
    "@angular/forms": {
      "src": "../../../../../../node_modules/@angular/forms/fesm2022/forms.mjs",
      "file": "@angular_forms.js",
      "fileHash": "b643f047",
      "needsInterop": false
    },
    "@angular/material/button": {
      "src": "../../../../../../node_modules/@angular/material/fesm2022/button.mjs",
      "file": "@angular_material_button.js",
      "fileHash": "0cd91128",
      "needsInterop": false
    },
    "@angular/material/card": {
      "src": "../../../../../../node_modules/@angular/material/fesm2022/card.mjs",
      "file": "@angular_material_card.js",
      "fileHash": "d3c21a15",
      "needsInterop": false
    },
    "@angular/material/checkbox": {
      "src": "../../../../../../node_modules/@angular/material/fesm2022/checkbox.mjs",
      "file": "@angular_material_checkbox.js",
      "fileHash": "044adad9",
      "needsInterop": false
    },
    "@angular/material/core": {
      "src": "../../../../../../node_modules/@angular/material/fesm2022/core.mjs",
      "file": "@angular_material_core.js",
      "fileHash": "ff575444",
      "needsInterop": false
    },
    "@angular/material/datepicker": {
      "src": "../../../../../../node_modules/@angular/material/fesm2022/datepicker.mjs",
      "file": "@angular_material_datepicker.js",
      "fileHash": "314a6b19",
      "needsInterop": false
    },
    "@angular/material/dialog": {
      "src": "../../../../../../node_modules/@angular/material/fesm2022/dialog.mjs",
      "file": "@angular_material_dialog.js",
      "fileHash": "6216ebcc",
      "needsInterop": false
    },
    "@angular/material/form-field": {
      "src": "../../../../../../node_modules/@angular/material/fesm2022/form-field.mjs",
      "file": "@angular_material_form-field.js",
      "fileHash": "e720cc8a",
      "needsInterop": false
    },
    "@angular/material/icon": {
      "src": "../../../../../../node_modules/@angular/material/fesm2022/icon.mjs",
      "file": "@angular_material_icon.js",
      "fileHash": "2217b54f",
      "needsInterop": false
    },
    "@angular/material/input": {
      "src": "../../../../../../node_modules/@angular/material/fesm2022/input.mjs",
      "file": "@angular_material_input.js",
      "fileHash": "fe9cfc6b",
      "needsInterop": false
    },
    "@angular/material/radio": {
      "src": "../../../../../../node_modules/@angular/material/fesm2022/radio.mjs",
      "file": "@angular_material_radio.js",
      "fileHash": "81d9d417",
      "needsInterop": false
    },
    "@angular/material/select": {
      "src": "../../../../../../node_modules/@angular/material/fesm2022/select.mjs",
      "file": "@angular_material_select.js",
      "fileHash": "fe0a04fa",
      "needsInterop": false
    },
    "@angular/material/tabs": {
      "src": "../../../../../../node_modules/@angular/material/fesm2022/tabs.mjs",
      "file": "@angular_material_tabs.js",
      "fileHash": "60fff66c",
      "needsInterop": false
    },
    "@angular/platform-browser": {
      "src": "../../../../../../node_modules/@angular/platform-browser/fesm2022/platform-browser.mjs",
      "file": "@angular_platform-browser.js",
      "fileHash": "cf06650b",
      "needsInterop": false
    },
    "@angular/platform-browser/animations/async": {
      "src": "../../../../../../node_modules/@angular/platform-browser/fesm2022/animations/async.mjs",
      "file": "@angular_platform-browser_animations_async.js",
      "fileHash": "b130f483",
      "needsInterop": false
    },
    "@angular/router": {
      "src": "../../../../../../node_modules/@angular/router/fesm2022/router.mjs",
      "file": "@angular_router.js",
      "fileHash": "50967bec",
      "needsInterop": false
    },
    "mdb-angular-ui-kit/checkbox": {
      "src": "../../../../../../node_modules/mdb-angular-ui-kit/fesm2022/mdb-angular-ui-kit-checkbox.mjs",
      "file": "mdb-angular-ui-kit_checkbox.js",
      "fileHash": "83069c3d",
      "needsInterop": false
    }
  },
  "chunks": {
    "browser-O4IHP72X": {
      "file": "browser-O4IHP72X.js"
    },
    "chunk-XV6BVUUY": {
      "file": "chunk-XV6BVUUY.js"
    },
    "chunk-PQFTEQLF": {
      "file": "chunk-PQFTEQLF.js"
    },
    "chunk-XO7BWDAD": {
      "file": "chunk-XO7BWDAD.js"
    },
    "chunk-NSICTMZF": {
      "file": "chunk-NSICTMZF.js"
    },
    "chunk-I6XSD2IE": {
      "file": "chunk-I6XSD2IE.js"
    },
    "chunk-QWCGIAVY": {
      "file": "chunk-QWCGIAVY.js"
    },
    "chunk-ODME7D2D": {
      "file": "chunk-ODME7D2D.js"
    },
    "chunk-432FDWXO": {
      "file": "chunk-432FDWXO.js"
    },
    "chunk-Z3S6MAXT": {
      "file": "chunk-Z3S6MAXT.js"
    },
    "chunk-6B7XRRME": {
      "file": "chunk-6B7XRRME.js"
    },
    "chunk-QU2RWNAS": {
      "file": "chunk-QU2RWNAS.js"
    },
    "chunk-DAGN3SKJ": {
      "file": "chunk-DAGN3SKJ.js"
    },
    "chunk-MOAI5ZZZ": {
      "file": "chunk-MOAI5ZZZ.js"
    },
    "chunk-C7VT6QD6": {
      "file": "chunk-C7VT6QD6.js"
    },
    "chunk-VZJ3324K": {
      "file": "chunk-VZJ3324K.js"
    }
  }
}